InvoiceNo,StockCode,Description,Quantity,InvoiceDate,UnitPrice,CustomerID,Country
536861,21249,WOODLAND  HEIGHT CHART STICKERS ,6,12/3/2018 10:44,2.95,12427,Madumabisa Outlet
536861,21328,BALLOONS  WRITING SET ,12,12/3/2018 10:44,1.65,12427,Madumabisa Outlet
536861,21329,DINOSAURS  WRITING SET ,12,12/3/2018 10:44,1.65,12427,Madumabisa Outlet
536861,22077,6 RIBBONS RUSTIC CHARM,12,12/3/2018 10:44,1.65,12427,Madumabisa Outlet
536861,22149,FELTCRAFT 6 FLOWER FRIENDS,6,12/3/2018 10:44,2.1,12427,Madumabisa Outlet
536861,22300,COFFEE MUG DOG + BALL DESIGN,6,12/3/2018 10:44,2.55,12427,Madumabisa Outlet
536861,22301,COFFEE MUG CAT + BIRD DESIGN,6,12/3/2018 10:44,2.55,12427,Madumabisa Outlet
536861,22634,CHILDS BREAKFAST SET SPACEBOY ,8,12/3/2018 10:44,8.5,12427,Madumabisa Outlet
536861,22636,CHILDS BREAKFAST SET CIRCUS PARADE,8,12/3/2018 10:44,7.65,12427,Madumabisa Outlet
536861,POST,POSTAGE,3,12/3/2018 10:44,18,12427,Madumabisa Outlet
536863,10002,INFLATABLE POLITICAL GLOBE ,1,12/3/2018 11:19,0.85,17967,Jabulani Outlet
536863,10120,DOGGY RUBBER,1,12/3/2018 11:19,0.21,17967,Jabulani Outlet
536863,16237,SLEEPING CAT ERASERS,1,12/3/2018 11:19,0.21,17967,Jabulani Outlet
536944,20725,LUNCH BAG RED RETROSPOT,70,12/3/2018 12:20,1.65,12557,Colliery Motors Outlet
536944,20727,LUNCH BAG  BLACK SKULL.,60,12/3/2018 12:20,1.65,12557,Colliery Motors Outlet
536944,20728,LUNCH BAG CARS BLUE,100,12/3/2018 12:20,1.45,12557,Colliery Motors Outlet
536944,22383,LUNCH BAG SUKI  DESIGN ,70,12/3/2018 12:20,1.65,12557,Colliery Motors Outlet
536944,22384,LUNCH BAG PINK POLKADOT,100,12/3/2018 12:20,1.45,12557,Colliery Motors Outlet
536973,85129C,BEADED CRYSTAL HEART BLUE SMALL,24,12/3/2018 13:43,1.25,17787,Jabulani Outlet
536973,85130A,BEADED PEARL HEART WHITE LARGE,24,12/3/2018 13:43,1.65,17787,Jabulani Outlet
536974,20679,EDWARDIAN PARASOL RED,6,12/3/2018 13:59,5.95,12682,Makwika Outlet
536974,20725,LUNCH BAG RED RETROSPOT,10,12/3/2018 13:59,1.65,12682,Makwika Outlet
536974,20726,LUNCH BAG WOODLAND,10,12/3/2018 13:59,1.65,12682,Makwika Outlet
536974,20749,ASSORTED COLOUR MINI CASES,2,12/3/2018 13:59,7.95,12682,Makwika Outlet
536974,20750,RED RETROSPOT MINI CASES,2,12/3/2018 13:59,7.95,12682,Makwika Outlet
536974,21700,BIG DOUGHNUT FRIDGE MAGNETS,12,12/3/2018 13:59,0.85,12682,Makwika Outlet
536974,21915,RED  HARMONICA IN BOX ,12,12/3/2018 13:59,1.25,12682,Makwika Outlet
536974,22027,TEA PARTY BIRTHDAY CARD,12,12/3/2018 13:59,0.42,12682,Makwika Outlet
536974,22080,RIBBON REEL POLKADOTS ,10,12/3/2018 13:59,1.65,12682,Makwika Outlet
536974,22352,LUNCH BOX WITH CUTLERY RETROSPOT ,12,12/3/2018 13:59,2.55,12682,Makwika Outlet
536974,22659,LUNCH BOX I LOVE LONDON,12,12/3/2018 13:59,1.95,12682,Makwika Outlet
536974,22748,POPPY'S PLAYHOUSE KITCHEN,6,12/3/2018 13:59,2.1,12682,Makwika Outlet
536974,22892,SET OF SALT AND PEPPER TOADSTOOLS,12,12/3/2018 13:59,1.25,12682,Makwika Outlet
536974,15056BL,EDWARDIAN PARASOL BLACK,9,12/3/2018 13:59,5.95,12682,Makwika Outlet
536974,15056P,EDWARDIAN PARASOL PINK,3,12/3/2018 13:59,5.95,12682,Makwika Outlet
536974,POST,POSTAGE,2,12/3/2018 13:59,18,12682,Makwika Outlet
536975,20668,DISCO BALL CHRISTMAS DECORATION,48,12/3/2018 14:04,0.12,14911,Lwendulu Outlet
536975,20961,STRAWBERRY BATH SPONGE ,10,12/3/2018 14:04,1.25,14911,Lwendulu Outlet
536975,20966,SANDWICH BATH SPONGE,10,12/3/2018 14:04,1.25,14911,Lwendulu Outlet
536975,20981,12 PENCILS TALL TUBE WOODLAND,12,12/3/2018 14:04,0.85,14911,Lwendulu Outlet
536975,20982,12 PENCILS TALL TUBE SKULLS,12,12/3/2018 14:04,0.85,14911,Lwendulu Outlet
536975,21064,BOOM BOX SPEAKER BOYS,6,12/3/2018 14:04,5.95,14911,Lwendulu Outlet
536975,21164,HOME SWEET HOME METAL SIGN ,6,12/3/2018 14:04,2.95,14911,Lwendulu Outlet
536975,21165,BEWARE OF THE CAT METAL SIGN ,12,12/3/2018 14:04,1.69,14911,Lwendulu Outlet
536975,21179,NO JUNK MAIL METAL SIGN,12,12/3/2018 14:04,1.25,14911,Lwendulu Outlet
536975,21484,CHICK GREY HOT WATER BOTTLE,4,12/3/2018 14:04,3.45,14911,Lwendulu Outlet
536975,21815,STAR  T-LIGHT HOLDER ,24,12/3/2018 14:04,1.45,14911,Lwendulu Outlet
536975,21888,BINGO SET,4,12/3/2018 14:04,3.75,14911,Lwendulu Outlet
536975,21912,VINTAGE SNAKES & LADDERS,4,12/3/2018 14:04,3.75,14911,Lwendulu Outlet
536975,21914,BLUE HARMONICA IN BOX ,12,12/3/2018 14:04,1.25,14911,Lwendulu Outlet
536975,22049,WRAP CHRISTMAS SCREEN PRINT,50,12/3/2018 14:04,0.42,14911,Lwendulu Outlet
536975,22075,6 RIBBONS ELEGANT CHRISTMAS ,12,12/3/2018 14:04,1.65,14911,Lwendulu Outlet
536975,22086,PAPER CHAIN KIT 50'S CHRISTMAS ,6,12/3/2018 14:04,2.95,14911,Lwendulu Outlet
536975,22112,CHOCOLATE HOT WATER BOTTLE,9,12/3/2018 14:04,4.95,14911,Lwendulu Outlet
536975,22113,GREY HEART HOT WATER BOTTLE,8,12/3/2018 14:04,3.75,14911,Lwendulu Outlet
536975,22114,HOT WATER BOTTLE TEA AND SYMPATHY,8,12/3/2018 14:04,3.95,14911,Lwendulu Outlet
536975,22121,NOEL WOODEN BLOCK LETTERS ,12,12/3/2018 14:04,5.45,14911,Lwendulu Outlet
536975,22158,3 HEARTS HANGING DECORATION RUSTIC,8,12/3/2018 14:04,2.95,14911,Lwendulu Outlet
536975,22180,RETROSPOT LAMP,4,12/3/2018 14:04,9.95,14911,Lwendulu Outlet
536975,22246,"GARLAND, MAGIC GARDEN 1.8M",12,12/3/2018 14:04,1.95,14911,Lwendulu Outlet
536975,22299,PIG KEYRING WITH LIGHT & SOUND ,24,12/3/2018 14:04,1.25,14911,Lwendulu Outlet
536975,22304,COFFEE MUG BLUE PAISLEY DESIGN,6,12/3/2018 14:04,2.55,14911,Lwendulu Outlet
536975,22423,REGENCY CAKESTAND 3 TIER,4,12/3/2018 14:04,12.75,14911,Lwendulu Outlet
536975,22549,PICTURE DOMINOES,12,12/3/2018 14:04,1.45,14911,Lwendulu Outlet
536975,22560,TRADITIONAL MODELLING CLAY,24,12/3/2018 14:04,1.25,14911,Lwendulu Outlet
536975,22571,ROCKING HORSE RED CHRISTMAS ,12,12/3/2018 14:04,0.85,14911,Lwendulu Outlet
536975,22572,ROCKING HORSE GREEN CHRISTMAS ,12,12/3/2018 14:04,0.85,14911,Lwendulu Outlet
536975,22585,PACK OF 6 BIRDY GIFT TAGS,12,12/3/2018 14:04,1.25,14911,Lwendulu Outlet
536975,22592,CARDHOLDER HOLLY WREATH METAL,4,12/3/2018 14:04,3.75,14911,Lwendulu Outlet
536975,22623,BOX OF VINTAGE JIGSAW BLOCKS ,3,12/3/2018 14:04,4.95,14911,Lwendulu Outlet
536975,22704,WRAP RED APPLES ,25,12/3/2018 14:04,0.42,14911,Lwendulu Outlet
536975,22705,WRAP GREEN PEARS ,25,12/3/2018 14:04,0.42,14911,Lwendulu Outlet
536975,22745,POPPY'S PLAYHOUSE BEDROOM ,6,12/3/2018 14:04,2.1,14911,Lwendulu Outlet
536975,22746,POPPY'S PLAYHOUSE LIVINGROOM ,6,12/3/2018 14:04,2.1,14911,Lwendulu Outlet
536975,22747,POPPY'S PLAYHOUSE BATHROOM,6,12/3/2018 14:04,2.1,14911,Lwendulu Outlet
536975,22748,POPPY'S PLAYHOUSE KITCHEN,6,12/3/2018 14:04,2.1,14911,Lwendulu Outlet
536975,22752,SET 7 BABUSHKA NESTING BOXES,6,12/3/2018 14:04,8.5,14911,Lwendulu Outlet
536975,22816,CARD MOTORBIKE SANTA,24,12/3/2018 14:04,0.42,14911,Lwendulu Outlet
536975,22837,HOT WATER BOTTLE BABUSHKA ,8,12/3/2018 14:04,4.65,14911,Lwendulu Outlet
536975,22844,VINTAGE CREAM DOG FOOD CONTAINER,4,12/3/2018 14:04,8.5,14911,Lwendulu Outlet
536975,22845,VINTAGE CREAM CAT FOOD CONTAINER,4,12/3/2018 14:04,6.35,14911,Lwendulu Outlet
536975,22846,BREAD BIN DINER STYLE RED ,2,12/3/2018 14:04,16.95,14911,Lwendulu Outlet
536975,22847,BREAD BIN DINER STYLE IVORY,2,12/3/2018 14:04,16.95,14911,Lwendulu Outlet
536975,22848,BREAD BIN DINER STYLE PINK,2,12/3/2018 14:04,16.95,14911,Lwendulu Outlet
536975,22849,BREAD BIN DINER STYLE MINT,2,12/3/2018 14:04,16.95,14911,Lwendulu Outlet
536975,22863,SOAP DISH BROCANTE,6,12/3/2018 14:04,2.95,14911,Lwendulu Outlet
536975,22909,SET OF 20 VINTAGE CHRISTMAS NAPKINS,24,12/3/2018 14:04,0.85,14911,Lwendulu Outlet
536975,22910,PAPER CHAIN KIT VINTAGE CHRISTMAS,6,12/3/2018 14:04,2.95,14911,Lwendulu Outlet
536975,22941,CHRISTMAS LIGHTS 10 REINDEER,12,12/3/2018 14:04,8.5,14911,Lwendulu Outlet
536975,22942,CHRISTMAS LIGHTS 10 SANTAS ,10,12/3/2018 14:04,8.5,14911,Lwendulu Outlet
536975,22944,CHRISTMAS METAL POSTCARD WITH BELLS,24,12/3/2018 14:04,1.25,14911,Lwendulu Outlet
536975,22945,CHRISTMAS METAL TAGS ASSORTED ,36,12/3/2018 14:04,0.85,14911,Lwendulu Outlet
536975,22946,WOODEN ADVENT CALENDAR CREAM,2,12/3/2018 14:04,16.95,14911,Lwendulu Outlet
536975,22947,WOODEN ADVENT CALENDAR RED,2,12/3/2018 14:04,16.95,14911,Lwendulu Outlet
536975,22948,METAL DECORATION NAUGHTY CHILDREN ,24,12/3/2018 14:04,0.85,14911,Lwendulu Outlet
536975,22952,60 CAKE CASES VINTAGE CHRISTMAS,24,12/3/2018 14:04,0.55,14911,Lwendulu Outlet
536975,35967,FOLK ART METAL STAR T-LIGHT HOLDER,24,12/3/2018 14:04,0.38,14911,Lwendulu Outlet
536975,79321,CHILLI LIGHTS,4,12/3/2018 14:04,4.95,14911,Lwendulu Outlet
536975,84352,SILVER CHRISTMAS TREE BAUBLE STAND ,1,12/3/2018 14:04,16.95,14911,Lwendulu Outlet
536975,85227,SET OF 6 3D KIT CARDS FOR KIDS,12,12/3/2018 14:04,0.85,14911,Lwendulu Outlet
536975,84030E,ENGLISH ROSE HOT WATER BOTTLE,4,12/3/2018 14:04,4.25,14911,Lwendulu Outlet
536975,84558A,3D DOG PICTURE PLAYING CARDS,6,12/3/2018 14:04,2.95,14911,Lwendulu Outlet
536975,84559A,3D SHEET OF DOG STICKERS,12,12/3/2018 14:04,0.85,14911,Lwendulu Outlet
536975,84559B,3D SHEET OF CAT STICKERS,12,12/3/2018 14:04,0.85,14911,Lwendulu Outlet
536975,84849A,HELLO SAILOR BLUE SOAP HOLDER,12,12/3/2018 14:04,1.69,14911,Lwendulu Outlet
536975,84849B,FAIRY SOAP SOAP HOLDER,12,12/3/2018 14:04,1.69,14911,Lwendulu Outlet
536975,85032D,YULETIDE IMAGES GIFT WRAP SET,12,12/3/2018 14:04,2.1,14911,Lwendulu Outlet
536976,21098,CHRISTMAS TOILET ROLL,10,12/3/2018 14:18,1.25,14723,Jabulani Outlet
536976,21479,WHITE SKULL HOT WATER BOTTLE ,2,12/3/2018 14:18,3.75,14723,Jabulani Outlet
536976,21733,RED HANGING HEART T-LIGHT HOLDER,10,12/3/2018 14:18,2.95,14723,Jabulani Outlet
536976,21930,JUMBO STORAGE BAG SKULLS,2,12/3/2018 14:18,1.95,14723,Jabulani Outlet
536976,21935,SUKI  SHOULDER BAG,7,12/3/2018 14:18,1.65,14723,Jabulani Outlet
536976,21967,PACK OF 12 SKULL TISSUES,3,12/3/2018 14:18,0.29,14723,Jabulani Outlet
536976,21982,PACK OF 12 SUKI TISSUES ,3,12/3/2018 14:18,0.29,14723,Jabulani Outlet
536976,21985,PACK OF 12 HEARTS DESIGN TISSUES ,4,12/3/2018 14:18,0.29,14723,Jabulani Outlet
536976,22131,FOOD CONTAINER SET 3 LOVE HEART ,1,12/3/2018 14:18,1.95,14723,Jabulani Outlet
536976,22411,JUMBO SHOPPER VINTAGE RED PAISLEY,2,12/3/2018 14:18,1.95,14723,Jabulani Outlet
536976,22470,HEART OF WICKER LARGE,1,12/3/2018 14:18,2.95,14723,Jabulani Outlet
536976,22633,HAND WARMER UNION JACK,5,12/3/2018 14:18,2.1,14723,Jabulani Outlet
536976,22753,SMALL YELLOW BABUSHKA NOTEBOOK ,3,12/3/2018 14:18,0.85,14723,Jabulani Outlet
536976,22754,SMALL RED BABUSHKA NOTEBOOK ,3,12/3/2018 14:18,0.85,14723,Jabulani Outlet
536976,22866,HAND WARMER SCOTTY DOG DESIGN,5,12/3/2018 14:18,2.1,14723,Jabulani Outlet
536976,84029E,RED WOOLLY HOTTIE WHITE HEART.,3,12/3/2018 14:18,3.75,14723,Jabulani Outlet
536976,84029G,KNITTED UNION FLAG HOT WATER BOTTLE,3,12/3/2018 14:18,3.75,14723,Jabulani Outlet
536976,85099C,JUMBO  BAG BAROQUE BLACK WHITE,2,12/3/2018 14:18,1.95,14723,Jabulani Outlet
536976,85123A,WHITE HANGING HEART T-LIGHT HOLDER,7,12/3/2018 14:18,2.95,14723,Jabulani Outlet
536977,21080,SET/20 RED RETROSPOT PAPER NAPKINS ,7,12/3/2018 14:18,0.85,17954,Jabulani Outlet
536977,21086,SET/6 RED SPOTTY PAPER CUPS,10,12/3/2018 14:18,0.65,17954,Jabulani Outlet
536977,21094,SET/6 RED SPOTTY PAPER PLATES,10,12/3/2018 14:18,0.85,17954,Jabulani Outlet
536977,21481,FAWN BLUE HOT WATER BOTTLE,1,12/3/2018 14:18,2.95,17954,Jabulani Outlet
536977,21974,SET OF 36 PAISLEY FLOWER DOILIES,2,12/3/2018 14:18,1.45,17954,Jabulani Outlet
536977,22131,FOOD CONTAINER SET 3 LOVE HEART ,2,12/3/2018 14:18,1.95,17954,Jabulani Outlet
536977,22137,BATHROOM SET LOVE HEART DESIGN,1,12/3/2018 14:18,2.95,17954,Jabulani Outlet
536977,22558,CLOTHES PEGS RETROSPOT PACK 24 ,2,12/3/2018 14:18,1.49,17954,Jabulani Outlet
536977,22696,WICKER WREATH LARGE,3,12/3/2018 14:18,1.95,17954,Jabulani Outlet
536977,22837,HOT WATER BOTTLE BABUSHKA ,2,12/3/2018 14:18,4.65,17954,Jabulani Outlet
536977,22910,PAPER CHAIN KIT VINTAGE CHRISTMAS,10,12/3/2018 14:18,2.95,17954,Jabulani Outlet
536977,22952,60 CAKE CASES VINTAGE CHRISTMAS,7,12/3/2018 14:18,0.55,17954,Jabulani Outlet
536977,22968,ROSE COTTAGE KEEPSAKE BOX ,2,12/3/2018 14:18,9.95,17954,Jabulani Outlet
536977,84029E,RED WOOLLY HOTTIE WHITE HEART.,1,12/3/2018 14:18,3.75,17954,Jabulani Outlet
536980,22306,SILVER MUG BONE CHINA TREE OF LIFE,24,12/3/2018 14:26,1.95,17819,Jabulani Outlet
536980,22423,REGENCY CAKESTAND 3 TIER,16,12/3/2018 14:26,10.95,17819,Jabulani Outlet
536980,22632,HAND WARMER RED RETROSPOT,10,12/3/2018 14:26,2.1,17819,Jabulani Outlet
536980,22697,GREEN REGENCY TEACUP AND SAUCER,48,12/3/2018 14:26,2.55,17819,Jabulani Outlet
536980,22699,ROSES REGENCY TEACUP AND SAUCER ,48,12/3/2018 14:26,2.55,17819,Jabulani Outlet
536980,22865,HAND WARMER OWL DESIGN,20,12/3/2018 14:26,2.1,17819,Jabulani Outlet
536980,22866,HAND WARMER SCOTTY DOG DESIGN,20,12/3/2018 14:26,2.1,17819,Jabulani Outlet
536980,22909,SET OF 20 VINTAGE CHRISTMAS NAPKINS,2,12/3/2018 14:26,0.85,17819,Jabulani Outlet
536980,22910,PAPER CHAIN KIT VINTAGE CHRISTMAS,1,12/3/2018 14:26,2.95,17819,Jabulani Outlet
536980,22952,60 CAKE CASES VINTAGE CHRISTMAS,2,12/3/2018 14:26,0.55,17819,Jabulani Outlet
536980,85230B,CINNAMON SCENTED VOTIVE CANDLE,24,12/3/2018 14:26,0.29,17819,Jabulani Outlet
536980,85230F,JASMINE VOTIVE CANDLE,24,12/3/2018 14:26,0.29,17819,Jabulani Outlet
536981,20967,GREY FLORAL FELTCRAFT SHOULDER BAG,1,12/3/2018 14:26,3.75,14723,Jabulani Outlet
536981,20967,GREY FLORAL FELTCRAFT SHOULDER BAG,1,12/3/2018 14:26,3.75,14723,Jabulani Outlet
536981,20969,RED FLORAL FELTCRAFT SHOULDER BAG,1,12/3/2018 14:26,3.75,14723,Jabulani Outlet
536981,20970,PINK FLORAL FELTCRAFT SHOULDER BAG,1,12/3/2018 14:26,3.75,14723,Jabulani Outlet
536981,20972,PINK CREAM FELT CRAFT TRINKET BOX ,3,12/3/2018 14:26,1.25,14723,Jabulani Outlet
536981,21169,YOU'RE CONFUSING ME METAL SIGN ,1,12/3/2018 14:26,1.69,14723,Jabulani Outlet
536981,21592,RETROSPOT CIGAR BOX MATCHES ,2,12/3/2018 14:26,1.25,14723,Jabulani Outlet
536981,21623,VINTAGE UNION JACK MEMOBOARD,1,12/3/2018 14:26,9.95,14723,Jabulani Outlet
536981,21820,GLITTER HEART GARLAND WITH BELLS ,2,12/3/2018 14:26,3.75,14723,Jabulani Outlet
536981,21930,JUMBO STORAGE BAG SKULLS,2,12/3/2018 14:26,1.95,14723,Jabulani Outlet
536981,21982,PACK OF 12 SUKI TISSUES ,1,12/3/2018 14:26,0.29,14723,Jabulani Outlet
536981,22095,LADS ONLY TISSUE BOX,1,12/3/2018 14:26,1.25,14723,Jabulani Outlet
536981,22130,PARTY CONE CHRISTMAS DECORATION ,6,12/3/2018 14:26,0.85,14723,Jabulani Outlet
536981,22154,ANGEL DECORATION 3 BUTTONS ,3,12/3/2018 14:26,0.42,14723,Jabulani Outlet
536981,22158,3 HEARTS HANGING DECORATION RUSTIC,1,12/3/2018 14:26,2.95,14723,Jabulani Outlet
536981,22222,CAKE PLATE LOVEBIRD WHITE,1,12/3/2018 14:26,4.95,14723,Jabulani Outlet
536981,22411,JUMBO SHOPPER VINTAGE RED PAISLEY,1,12/3/2018 14:26,1.95,14723,Jabulani Outlet
536981,22411,JUMBO SHOPPER VINTAGE RED PAISLEY,2,12/3/2018 14:26,1.95,14723,Jabulani Outlet
536981,22810,SET OF 6 T-LIGHTS SNOWMEN,2,12/3/2018 14:26,2.95,14723,Jabulani Outlet
536981,48138,DOORMAT UNION FLAG,1,12/3/2018 14:26,7.95,14723,Jabulani Outlet
536981,84029G,KNITTED UNION FLAG HOT WATER BOTTLE,1,12/3/2018 14:26,3.75,14723,Jabulani Outlet
536981,85136A,YELLOW SHARK HELICOPTER,1,12/3/2018 14:26,7.95,14723,Jabulani Outlet
536981,85136C,RED SHARK HELICOPTER,1,12/3/2018 14:26,7.95,14723,Jabulani Outlet
536981,M,Manual,2,12/3/2018 14:26,0.85,14723,Jabulani Outlet
536983,16016,LARGE CHINESE STYLE SCISSOR,10,12/3/2018 14:30,0.85,12712,Madumabisa Outlet
536983,22171,3 HOOK PHOTO SHELF ANTIQUE WHITE,4,12/3/2018 14:30,8.5,12712,Madumabisa Outlet
536983,22331,WOODLAND PARTY BAG + STICKER SET,8,12/3/2018 14:30,1.65,12712,Madumabisa Outlet
536983,22445,PENCIL CASE LIFE IS BEAUTIFUL,6,12/3/2018 14:30,2.95,12712,Madumabisa Outlet
536983,22865,HAND WARMER OWL DESIGN,12,12/3/2018 14:30,2.1,12712,Madumabisa Outlet
536983,22914,BLUE COAT RACK PARIS FASHION,3,12/3/2018 14:30,4.95,12712,Madumabisa Outlet
536983,22926,IVORY GIANT GARDEN THERMOMETER,4,12/3/2018 14:30,5.95,12712,Madumabisa Outlet
536983,84849D,HOT BATHS SOAP HOLDER,12,12/3/2018 14:30,1.69,12712,Madumabisa Outlet
536983,POST,POSTAGE,1,12/3/2018 14:30,18,12712,Madumabisa Outlet
536984,20668,DISCO BALL CHRISTMAS DECORATION,24,12/3/2018 14:35,0.12,17841,Jabulani Outlet
537023,82494L,WOODEN FRAME ANTIQUE WHITE ,1,12/3/2018 16:02,2.95,16725,Jabulani Outlet
537026,21212,PACK OF 72 RETROSPOT CAKE CASES,120,12/3/2018 16:35,0.42,12395,Lusumbami Outlet
537026,21217,RED RETROSPOT ROUND CAKE TINS,2,12/3/2018 16:35,9.95,12395,Lusumbami Outlet
537026,21975,PACK OF 60 DINOSAUR CAKE CASES,48,12/3/2018 16:35,0.55,12395,Lusumbami Outlet
537026,21976,PACK OF 60 MUSHROOM CAKE CASES,48,12/3/2018 16:35,0.55,12395,Lusumbami Outlet
537026,21977,PACK OF 60 PINK PAISLEY CAKE CASES,120,12/3/2018 16:35,0.42,12395,Lusumbami Outlet
537026,22355,CHARLOTTE BAG SUKI DESIGN,10,12/3/2018 16:35,0.85,12395,Lusumbami Outlet
537026,22417,PACK OF 60 SPACEBOY CAKE CASES,120,12/3/2018 16:35,0.42,12395,Lusumbami Outlet
537026,22551,PLASTERS IN TIN SPACEBOY,12,12/3/2018 16:35,1.65,12395,Lusumbami Outlet
537026,84375,SET OF 20 KIDS COOKIE CUTTERS,12,12/3/2018 16:35,2.1,12395,Lusumbami Outlet
537026,84992,72 SWEETHEART FAIRY CAKE CASES,24,12/3/2018 16:35,0.55,12395,Lusumbami Outlet
537026,85099B,JUMBO BAG RED RETROSPOT,10,12/3/2018 16:35,1.95,12395,Lusumbami Outlet
537026,POST,POSTAGE,2,12/3/2018 16:35,18,12395,Lusumbami Outlet
537030,20969,RED FLORAL FELTCRAFT SHOULDER BAG,8,12/3/2018 16:44,3.75,16455,Jabulani Outlet
537059,85124C,GREEN JUICY FRUIT PHOTO FRAME,1,12/5/2018 11:54,2.55,14813,Jabulani Outlet
537065,16238,PARTY TIME PENCIL ERASERS,28,12/5/2018 11:57,0.21,12567,Makwika Outlet
537065,20665,RED RETROSPOT PURSE ,6,12/5/2018 11:57,2.95,12567,Makwika Outlet
537065,20725,LUNCH BAG RED RETROSPOT,10,12/5/2018 11:57,1.65,12567,Makwika Outlet
537065,20726,LUNCH BAG WOODLAND,20,12/5/2018 11:57,1.65,12567,Makwika Outlet
537065,20728,LUNCH BAG CARS BLUE,10,12/5/2018 11:57,1.65,12567,Makwika Outlet
537065,20749,ASSORTED COLOUR MINI CASES,2,12/5/2018 11:57,7.95,12567,Makwika Outlet
537065,20750,RED RETROSPOT MINI CASES,6,12/5/2018 11:57,7.95,12567,Makwika Outlet
537065,21054,NURSE'S BAG SOFT TOY,6,12/5/2018 11:57,8.95,12567,Makwika Outlet
537065,21055,TOOL BOX SOFT TOY ,6,12/5/2018 11:57,8.95,12567,Makwika Outlet
537065,21121,SET/10 RED POLKADOT PARTY CANDLES,24,12/5/2018 11:57,1.25,12567,Makwika Outlet
537065,21195,PINK  HONEYCOMB PAPER BALL ,6,12/5/2018 11:57,2.1,12567,Makwika Outlet
537065,21439,BASKET OF TOADSTOOLS,12,12/5/2018 11:57,1.25,12567,Makwika Outlet
537065,21533,RETROSPOT LARGE MILK JUG,3,12/5/2018 11:57,4.95,12567,Makwika Outlet
537065,21539,RED RETROSPOT BUTTER DISH,3,12/5/2018 11:57,4.95,12567,Makwika Outlet
537065,21555,CERAMIC STRAWBERRY TRINKET TRAY,6,12/5/2018 11:57,2.55,12567,Makwika Outlet
537065,21556,CERAMIC STRAWBERRY MONEY BOX,6,12/5/2018 11:57,2.55,12567,Makwika Outlet
537065,21559,STRAWBERRY LUNCH BOX WITH CUTLERY,6,12/5/2018 11:57,2.55,12567,Makwika Outlet
537065,21774,DECORATIVE CATS BATHROOM BOTTLE,12,12/5/2018 11:57,1.25,12567,Makwika Outlet
537065,21786,POLKADOT RAIN HAT ,24,12/5/2018 11:57,0.42,12567,Makwika Outlet
537065,21787,RAIN PONCHO RETROSPOT,24,12/5/2018 11:57,0.85,12567,Makwika Outlet
537065,21829,DINOSAUR KEYRINGS ASSORTED,36,12/5/2018 11:57,0.21,12567,Makwika Outlet
537065,21892,TRADITIONAL WOODEN CATCH CUP GAME ,12,12/5/2018 11:57,1.25,12567,Makwika Outlet
537065,21980,PACK OF 12 RED RETROSPOT TISSUES ,24,12/5/2018 11:57,0.29,12567,Makwika Outlet
537065,21981,PACK OF 12 WOODLAND TISSUES ,24,12/5/2018 11:57,0.29,12567,Makwika Outlet
537065,21982,PACK OF 12 SUKI TISSUES ,24,12/5/2018 11:57,0.29,12567,Makwika Outlet
537065,22180,RETROSPOT LAMP,4,12/5/2018 11:57,9.95,12567,Makwika Outlet
537065,22243,5 HOOK HANGER RED MAGIC TOADSTOOL,12,12/5/2018 11:57,1.65,12567,Makwika Outlet
537065,22318,FIVE HEART HANGING DECORATION,6,12/5/2018 11:57,2.95,12567,Makwika Outlet
537065,22326,ROUND SNACK BOXES SET OF4 WOODLAND ,6,12/5/2018 11:57,2.95,12567,Makwika Outlet
537065,22352,LUNCH BOX WITH CUTLERY RETROSPOT ,6,12/5/2018 11:57,2.55,12567,Makwika Outlet
537065,22390,PAPERWEIGHT CHILDHOOD MEMORIES,6,12/5/2018 11:57,2.55,12567,Makwika Outlet
537065,22423,REGENCY CAKESTAND 3 TIER,2,12/5/2018 11:57,12.75,12567,Makwika Outlet
537065,22467,GUMBALL COAT RACK,6,12/5/2018 11:57,2.55,12567,Makwika Outlet
537065,22483,RED GINGHAM TEDDY BEAR ,6,12/5/2018 11:57,2.95,12567,Makwika Outlet
537065,22551,PLASTERS IN TIN SPACEBOY,12,12/5/2018 11:57,1.65,12567,Makwika Outlet
537065,22554,PLASTERS IN TIN WOODLAND ANIMALS,12,12/5/2018 11:57,1.65,12567,Makwika Outlet
537065,22614,PACK OF 12 SPACEBOY TISSUES,24,12/5/2018 11:57,0.29,12567,Makwika Outlet
537065,22615,PACK OF 12 CIRCUS PARADE TISSUES ,24,12/5/2018 11:57,0.29,12567,Makwika Outlet
537065,22619,SET OF 6 SOLDIER SKITTLES,4,12/5/2018 11:57,3.75,12567,Makwika Outlet
537065,22632,HAND WARMER RED RETROSPOT,12,12/5/2018 11:57,2.1,12567,Makwika Outlet
537065,22634,CHILDS BREAKFAST SET SPACEBOY ,2,12/5/2018 11:57,9.95,12567,Makwika Outlet
537065,22635,CHILDS BREAKFAST SET DOLLY GIRL ,2,12/5/2018 11:57,9.95,12567,Makwika Outlet
537065,22636,CHILDS BREAKFAST SET CIRCUS PARADE,2,12/5/2018 11:57,8.5,12567,Makwika Outlet
537065,22644,CERAMIC CHERRY CAKE MONEY BANK,12,12/5/2018 11:57,1.45,12567,Makwika Outlet
537065,22726,ALARM CLOCK BAKELIKE GREEN,4,12/5/2018 11:57,3.75,12567,Makwika Outlet
537065,22727,ALARM CLOCK BAKELIKE RED ,4,12/5/2018 11:57,3.75,12567,Makwika Outlet
537065,22728,ALARM CLOCK BAKELIKE PINK,4,12/5/2018 11:57,3.75,12567,Makwika Outlet
537065,22729,ALARM CLOCK BAKELIKE ORANGE,4,12/5/2018 11:57,3.75,12567,Makwika Outlet
537065,22837,HOT WATER BOTTLE BABUSHKA ,8,12/5/2018 11:57,4.65,12567,Makwika Outlet
537065,22846,BREAD BIN DINER STYLE RED ,1,12/5/2018 11:57,16.95,12567,Makwika Outlet
537065,22892,SET OF SALT AND PEPPER TOADSTOOLS,12,12/5/2018 11:57,1.25,12567,Makwika Outlet
537065,22968,ROSE COTTAGE KEEPSAKE BOX ,8,12/5/2018 11:57,8.5,12567,Makwika Outlet
537065,47566,PARTY BUNTING,5,12/5/2018 11:57,4.65,12567,Makwika Outlet
537065,84678,CLASSICAL ROSE SMALL VASE,6,12/5/2018 11:57,2.55,12567,Makwika Outlet
537065,85227,SET OF 6 3D KIT CARDS FOR KIDS,12,12/5/2018 11:57,0.85,12567,Makwika Outlet
537065,84279P,CHERRY BLOSSOM  DECORATIVE FLASK,4,12/5/2018 11:57,3.75,12567,Makwika Outlet
537065,84870B,BLUE GEISHA GIRL ,4,12/5/2018 11:57,3.75,12567,Makwika Outlet
537065,84870C,GREEN GEISHA GIRL ,4,12/5/2018 11:57,3.75,12567,Makwika Outlet
537065,84963A,PINK PAINTED KASHMIRI CHAIR,4,12/5/2018 11:57,42.95,12567,Makwika Outlet
537065,84997A,GREEN 3 PIECE POLKADOT CUTLERY SET,6,12/5/2018 11:57,3.75,12567,Makwika Outlet
537065,84997B,RED 3 PIECE RETROSPOT CUTLERY SET,6,12/5/2018 11:57,3.75,12567,Makwika Outlet
537065,84997C,BLUE 3 PIECE POLKADOT CUTLERY SET,6,12/5/2018 11:57,3.75,12567,Makwika Outlet
537065,POST,POSTAGE,9,12/5/2018 11:57,18,12567,Makwika Outlet
537067,20828,GLITTER BUTTERFLY CLIPS,2,12/5/2018 11:57,2.55,14813,Jabulani Outlet
537196,85130A,BEADED PEARL HEART WHITE LARGE,2,12/5/2018 13:55,1.65,15426,Jabulani Outlet
537197,22199,FRYING PAN RED RETROSPOT,4,12/5/2018 14:02,4.25,12647,Madumabisa Outlet
537197,22200,FRYING PAN PINK POLKADOT,4,12/5/2018 14:02,4.25,12647,Madumabisa Outlet
537197,22505,MEMO BOARD COTTAGE DESIGN,4,12/5/2018 14:02,4.95,12647,Madumabisa Outlet
537197,22507,MEMO BOARD RETROSPOT  DESIGN,4,12/5/2018 14:02,4.95,12647,Madumabisa Outlet
537197,22624,IVORY KITCHEN SCALES,2,12/5/2018 14:02,8.5,12647,Madumabisa Outlet
537197,22841,ROUND CAKE TIN VINTAGE GREEN,1,12/5/2018 14:02,0,12647,Madumabisa Outlet
537197,22842,BISCUIT TIN VINTAGE RED,2,12/5/2018 14:02,6.75,12647,Madumabisa Outlet
537197,22843,BISCUIT TIN VINTAGE GREEN,2,12/5/2018 14:02,6.75,12647,Madumabisa Outlet
537197,22847,BREAD BIN DINER STYLE IVORY,1,12/5/2018 14:02,16.95,12647,Madumabisa Outlet
537197,22961,JAM MAKING SET PRINTED,12,12/5/2018 14:02,1.45,12647,Madumabisa Outlet
537197,22962,JAM JAR WITH PINK LID,12,12/5/2018 14:02,0.85,12647,Madumabisa Outlet
537197,22963,JAM JAR WITH GREEN LID,12,12/5/2018 14:02,0.85,12647,Madumabisa Outlet
537197,84050,PINK HEART SHAPE EGG FRYING PAN,6,12/5/2018 14:02,1.65,12647,Madumabisa Outlet
537197,85055,FRENCH ENAMEL UTENSIL HOLDER,4,12/5/2018 14:02,3.75,12647,Madumabisa Outlet
537197,84968A,SET OF 16 VINTAGE ROSE CUTLERY,1,12/5/2018 14:02,12.75,12647,Madumabisa Outlet
537197,84997D,PINK 3 PIECE POLKADOT CUTLERY SET,6,12/5/2018 14:02,3.75,12647,Madumabisa Outlet
537197,POST,POSTAGE,3,12/5/2018 14:02,18,12647,Madumabisa Outlet
537198,20685,DOORMAT RED RETROSPOT,10,12/5/2018 14:03,6.75,12647,Madumabisa Outlet
537198,POST,POSTAGE,1,12/5/2018 14:03,18,12647,Madumabisa Outlet
537199,20711,JUMBO BAG TOYS ,1,12/5/2018 14:06,1.95,15894,Jabulani Outlet
537199,21034,REX CASH+CARRY JUMBO SHOPPER,1,12/5/2018 14:06,0.95,15894,Jabulani Outlet
537199,21034,REX CASH+CARRY JUMBO SHOPPER,1,12/5/2018 14:06,0.95,15894,Jabulani Outlet
537200,85049A,TRADITIONAL CHRISTMAS RIBBONS,2,12/5/2018 14:17,1.25,15867,Jabulani Outlet
537201,20668,DISCO BALL CHRISTMAS DECORATION,24,12/5/2018 14:19,0.12,12472,Madumabisa Outlet
537201,20719,WOODLAND CHARLOTTE BAG,30,12/5/2018 14:19,0.85,12472,Madumabisa Outlet
537201,20724,RED RETROSPOT CHARLOTTE BAG,20,12/5/2018 14:19,0.85,12472,Madumabisa Outlet
537201,20750,RED RETROSPOT MINI CASES,4,12/5/2018 14:19,7.95,12472,Madumabisa Outlet
537201,20914,SET/5 RED RETROSPOT LID GLASS BOWLS,6,12/5/2018 14:19,2.95,12472,Madumabisa Outlet
537201,21817,GLITTER CHRISTMAS TREE,12,12/5/2018 14:19,0.85,12472,Madumabisa Outlet
537201,21914,BLUE HARMONICA IN BOX ,24,12/5/2018 14:19,1.25,12472,Madumabisa Outlet
537201,21915,RED  HARMONICA IN BOX ,24,12/5/2018 14:19,1.25,12472,Madumabisa Outlet
537201,22077,6 RIBBONS RUSTIC CHARM,24,12/5/2018 14:19,1.65,12472,Madumabisa Outlet
537201,22078,RIBBON REEL LACE DESIGN ,10,12/5/2018 14:19,2.1,12472,Madumabisa Outlet
537201,22079,RIBBON REEL HEARTS DESIGN ,10,12/5/2018 14:19,1.65,12472,Madumabisa Outlet
537201,22080,RIBBON REEL POLKADOTS ,10,12/5/2018 14:19,1.65,12472,Madumabisa Outlet
537201,22141,CHRISTMAS CRAFT TREE TOP ANGEL,12,12/5/2018 14:19,2.1,12472,Madumabisa Outlet
537201,22144,CHRISTMAS CRAFT LITTLE FRIENDS,12,12/5/2018 14:19,2.1,12472,Madumabisa Outlet
537201,22242,5 HOOK HANGER MAGIC TOADSTOOL,12,12/5/2018 14:19,1.65,12472,Madumabisa Outlet
537201,22244,3 HOOK HANGER MAGIC GARDEN,12,12/5/2018 14:19,1.95,12472,Madumabisa Outlet
537201,22245,"HOOK, 1 HANGER ,MAGIC GARDEN",12,12/5/2018 14:19,0.85,12472,Madumabisa Outlet
537201,22321,BIRD DECORATION RED RETROSPOT,12,12/5/2018 14:19,0.85,12472,Madumabisa Outlet
537201,22326,ROUND SNACK BOXES SET OF4 WOODLAND ,24,12/5/2018 14:19,2.95,12472,Madumabisa Outlet
537201,22328,ROUND SNACK BOXES SET OF 4 FRUITS ,12,12/5/2018 14:19,2.95,12472,Madumabisa Outlet
537201,22333,RETROSPOT PARTY BAG + STICKER SET,8,12/5/2018 14:19,1.65,12472,Madumabisa Outlet
537201,22337,ANGEL DECORATION PAINTED ZINC ,24,12/5/2018 14:19,0.65,12472,Madumabisa Outlet
537201,22354,RETROSPOT PADDED SEAT CUSHION,10,12/5/2018 14:19,3.75,12472,Madumabisa Outlet
537201,22423,REGENCY CAKESTAND 3 TIER,4,12/5/2018 14:19,12.75,12472,Madumabisa Outlet
537201,22467,GUMBALL COAT RACK,12,12/5/2018 14:19,2.55,12472,Madumabisa Outlet
537201,22556,PLASTERS IN TIN CIRCUS PARADE ,12,12/5/2018 14:19,1.65,12472,Madumabisa Outlet
537201,22568,FELTCRAFT CUSHION OWL,4,12/5/2018 14:19,3.75,12472,Madumabisa Outlet
537201,22571,ROCKING HORSE RED CHRISTMAS ,24,12/5/2018 14:19,0.85,12472,Madumabisa Outlet
537201,22572,ROCKING HORSE GREEN CHRISTMAS ,24,12/5/2018 14:19,0.85,12472,Madumabisa Outlet
537201,22573,STAR WOODEN CHRISTMAS DECORATION,12,12/5/2018 14:19,0.85,12472,Madumabisa Outlet
537201,22574,HEART WOODEN CHRISTMAS DECORATION,12,12/5/2018 14:19,0.85,12472,Madumabisa Outlet
537201,22577,WOODEN HEART CHRISTMAS SCANDINAVIAN,12,12/5/2018 14:19,0.85,12472,Madumabisa Outlet
537201,22578,WOODEN STAR CHRISTMAS SCANDINAVIAN,12,12/5/2018 14:19,0.85,12472,Madumabisa Outlet
537201,22579,WOODEN TREE CHRISTMAS SCANDINAVIAN,24,12/5/2018 14:19,0.85,12472,Madumabisa Outlet
537201,22593,CHRISTMAS GINGHAM STAR,12,12/5/2018 14:19,0.85,12472,Madumabisa Outlet
537201,22594,CHRISTMAS GINGHAM TREE,12,12/5/2018 14:19,0.85,12472,Madumabisa Outlet
537201,22595,CHRISTMAS GINGHAM HEART,12,12/5/2018 14:19,0.85,12472,Madumabisa Outlet
537201,22600,CHRISTMAS RETROSPOT STAR WOOD,12,12/5/2018 14:19,0.85,12472,Madumabisa Outlet
537201,22601,CHRISTMAS RETROSPOT ANGEL WOOD,24,12/5/2018 14:19,0.85,12472,Madumabisa Outlet
537201,22602,CHRISTMAS RETROSPOT HEART WOOD,12,12/5/2018 14:19,0.85,12472,Madumabisa Outlet
537201,22629,SPACEBOY LUNCH BOX ,36,12/5/2018 14:19,1.95,12472,Madumabisa Outlet
537201,22631,CIRCUS PARADE LUNCH BOX ,12,12/5/2018 14:19,1.95,12472,Madumabisa Outlet
537201,22636,CHILDS BREAKFAST SET CIRCUS PARADE,4,12/5/2018 14:19,8.5,12472,Madumabisa Outlet
537201,22781,GUMBALL MAGAZINE RACK,2,12/5/2018 14:19,7.65,12472,Madumabisa Outlet
537201,22816,CARD MOTORBIKE SANTA,12,12/5/2018 14:19,0.42,12472,Madumabisa Outlet
537201,22818,CARD CHRISTMAS VILLAGE,24,12/5/2018 14:19,0.42,12472,Madumabisa Outlet
537201,22834,HAND WARMER BABUSHKA DESIGN,12,12/5/2018 14:19,2.1,12472,Madumabisa Outlet
537201,22837,HOT WATER BOTTLE BABUSHKA ,4,12/5/2018 14:19,4.65,12472,Madumabisa Outlet
537201,22865,HAND WARMER OWL DESIGN,24,12/5/2018 14:19,2.1,12472,Madumabisa Outlet
537201,22867,HAND WARMER BIRD DESIGN,12,12/5/2018 14:19,2.1,12472,Madumabisa Outlet
537201,22895,SET OF 2 TEA TOWELS APPLE AND PEARS,12,12/5/2018 14:19,2.95,12472,Madumabisa Outlet
537201,22898,CHILDRENS APRON APPLES DESIGN,8,12/5/2018 14:19,1.95,12472,Madumabisa Outlet
537201,22940,FELTCRAFT CHRISTMAS FAIRY,8,12/5/2018 14:19,4.25,12472,Madumabisa Outlet
537201,22960,JAM MAKING SET WITH JARS,12,12/5/2018 14:19,3.75,12472,Madumabisa Outlet
537201,22961,JAM MAKING SET PRINTED,12,12/5/2018 14:19,1.45,12472,Madumabisa Outlet
537201,22962,JAM JAR WITH PINK LID,24,12/5/2018 14:19,0.85,12472,Madumabisa Outlet
537201,22963,JAM JAR WITH GREEN LID,24,12/5/2018 14:19,0.85,12472,Madumabisa Outlet
537201,22964,3 PIECE SPACEBOY COOKIE CUTTER SET,18,12/5/2018 14:19,2.1,12472,Madumabisa Outlet
537201,22968,ROSE COTTAGE KEEPSAKE BOX ,2,12/5/2018 14:19,9.95,12472,Madumabisa Outlet
537201,22972,CHILDREN'S SPACEBOY MUG,12,12/5/2018 14:19,1.65,12472,Madumabisa Outlet
537201,22973,CHILDREN'S CIRCUS PARADE MUG,12,12/5/2018 14:19,1.65,12472,Madumabisa Outlet
537201,22975,SPACEBOY CHILDRENS EGG CUP,12,12/5/2018 14:19,1.25,12472,Madumabisa Outlet
537201,22976,CIRCUS PARADE CHILDRENS EGG CUP ,12,12/5/2018 14:19,1.25,12472,Madumabisa Outlet
537201,84375,SET OF 20 KIDS COOKIE CUTTERS,12,12/5/2018 14:19,2.1,12472,Madumabisa Outlet
537201,84341B,SMALL PINK MAGIC CHRISTMAS TREE,12,12/5/2018 14:19,0.85,12472,Madumabisa Outlet
537201,85049D,BRIGHT BLUES RIBBONS ,12,12/5/2018 14:19,1.25,12472,Madumabisa Outlet
537201,85049E,SCANDINAVIAN REDS RIBBONS,12,12/5/2018 14:19,1.25,12472,Madumabisa Outlet
537201,85049F,BABY BOOM RIBBONS ,12,12/5/2018 14:19,1.25,12472,Madumabisa Outlet
537201,85049G,CHOCOLATE BOX RIBBONS ,12,12/5/2018 14:19,1.25,12472,Madumabisa Outlet
537201,POST,POSTAGE,6,12/5/2018 14:19,18,12472,Madumabisa Outlet
537202,20685,DOORMAT RED RETROSPOT,1,12/5/2018 14:25,7.95,14506,Jabulani Outlet
537211,47559B,TEA TIME OVEN GLOVE,10,12/5/2018 15:18,1.25,16143,Jabulani Outlet
537212,20677,PINK POLKADOT BOWL,8,12/5/2018 15:21,1.25,12720,Madumabisa Outlet
537212,20712,JUMBO BAG WOODLAND ANIMALS,10,12/5/2018 15:21,1.95,12720,Madumabisa Outlet
537212,20718,RED RETROSPOT SHOPPER BAG,10,12/5/2018 15:21,1.25,12720,Madumabisa Outlet
537212,20719,WOODLAND CHARLOTTE BAG,10,12/5/2018 15:21,0.85,12720,Madumabisa Outlet
537212,21238,RED RETROSPOT CUP,8,12/5/2018 15:21,0.85,12720,Madumabisa Outlet
537212,21239,PINK  POLKADOT CUP,8,12/5/2018 15:21,0.85,12720,Madumabisa Outlet
537212,21243,PINK  POLKADOT PLATE ,8,12/5/2018 15:21,1.69,12720,Madumabisa Outlet
537212,21430,SET/3 RED GINGHAM ROSE STORAGE BOX,4,12/5/2018 15:21,3.75,12720,Madumabisa Outlet
537212,21481,FAWN BLUE HOT WATER BOTTLE,6,12/5/2018 15:21,2.95,12720,Madumabisa Outlet
537212,21883,STARS GIFT TAPE ,12,12/5/2018 15:21,0.65,12720,Madumabisa Outlet
537212,21981,PACK OF 12 WOODLAND TISSUES ,24,12/5/2018 15:21,0.29,12720,Madumabisa Outlet
537212,21984,PACK OF 12 PINK PAISLEY TISSUES ,24,12/5/2018 15:21,0.29,12720,Madumabisa Outlet
537212,22111,SCOTTIE DOG HOT WATER BOTTLE,3,12/5/2018 15:21,4.95,12720,Madumabisa Outlet
537212,22149,FELTCRAFT 6 FLOWER FRIENDS,6,12/5/2018 15:21,2.1,12720,Madumabisa Outlet
537212,22197,SMALL POPCORN HOLDER,24,12/5/2018 15:21,0.85,12720,Madumabisa Outlet
537212,22344,PARTY PIZZA DISH PINK POLKADOT,12,12/5/2018 15:21,0.85,12720,Madumabisa Outlet
537212,22345,PARTY PIZZA DISH BLUE POLKADOT,12,12/5/2018 15:21,0.85,12720,Madumabisa Outlet
537212,22346,PARTY PIZZA DISH GREEN POLKADOT,12,12/5/2018 15:21,0.85,12720,Madumabisa Outlet
537212,22386,JUMBO BAG PINK POLKADOT,10,12/5/2018 15:21,1.95,12720,Madumabisa Outlet
537212,22554,PLASTERS IN TIN WOODLAND ANIMALS,12,12/5/2018 15:21,1.65,12720,Madumabisa Outlet
537212,22557,PLASTERS IN TIN VINTAGE PAISLEY ,12,12/5/2018 15:21,1.65,12720,Madumabisa Outlet
537212,22624,IVORY KITCHEN SCALES,2,12/5/2018 15:21,8.5,12720,Madumabisa Outlet
537212,22625,RED KITCHEN SCALES,2,12/5/2018 15:21,8.5,12720,Madumabisa Outlet
537212,22960,JAM MAKING SET WITH JARS,6,12/5/2018 15:21,4.25,12720,Madumabisa Outlet
537212,22961,JAM MAKING SET PRINTED,12,12/5/2018 15:21,1.45,12720,Madumabisa Outlet
537212,22962,JAM JAR WITH PINK LID,12,12/5/2018 15:21,0.85,12720,Madumabisa Outlet
537212,22963,JAM JAR WITH GREEN LID,12,12/5/2018 15:21,0.85,12720,Madumabisa Outlet
537212,84920,PINK FLOWER FABRIC PONY,4,12/5/2018 15:21,3.75,12720,Madumabisa Outlet
537212,85099B,JUMBO BAG RED RETROSPOT,10,12/5/2018 15:21,1.95,12720,Madumabisa Outlet
537212,POST,POSTAGE,4,12/5/2018 15:21,18,12720,Madumabisa Outlet
537213,20961,STRAWBERRY BATH SPONGE ,1,12/5/2018 15:26,1.25,12748,Jabulani Outlet
537213,20963,APPLE BATH SPONGE,1,12/5/2018 15:26,1.25,12748,Jabulani Outlet
537249,22080,RIBBON REEL POLKADOTS ,20,12/6/2018 10:38,1.65,16955,Jabulani Outlet
537250,20675,BLUE POLKADOT BOWL,8,12/6/2018 10:43,1.25,12708,Madumabisa Outlet
537250,20676,RED RETROSPOT BOWL,8,12/6/2018 10:43,1.25,12708,Madumabisa Outlet
537250,21216,"SET 3 RETROSPOT TEA,COFFEE,SUGAR",4,12/6/2018 10:43,4.95,12708,Madumabisa Outlet
537250,21238,RED RETROSPOT CUP,8,12/6/2018 10:43,0.85,12708,Madumabisa Outlet
537250,21240,BLUE POLKADOT CUP,8,12/6/2018 10:43,0.85,12708,Madumabisa Outlet
537250,21242,RED RETROSPOT PLATE ,8,12/6/2018 10:43,1.69,12708,Madumabisa Outlet
537250,21244,BLUE POLKADOT PLATE ,8,12/6/2018 10:43,1.69,12708,Madumabisa Outlet
537250,21484,CHICK GREY HOT WATER BOTTLE,4,12/6/2018 10:43,3.45,12708,Madumabisa Outlet
537250,22082,RIBBON REEL STRIPES DESIGN ,10,12/6/2018 10:43,1.65,12708,Madumabisa Outlet
537250,22326,ROUND SNACK BOXES SET OF4 WOODLAND ,6,12/6/2018 10:43,2.95,12708,Madumabisa Outlet
537250,22328,ROUND SNACK BOXES SET OF 4 FRUITS ,6,12/6/2018 10:43,2.95,12708,Madumabisa Outlet
537250,22467,GUMBALL COAT RACK,6,12/6/2018 10:43,2.55,12708,Madumabisa Outlet
537250,84030E,ENGLISH ROSE HOT WATER BOTTLE,4,12/6/2018 10:43,4.25,12708,Madumabisa Outlet
537250,POST,POSTAGE,1,12/6/2018 10:43,18,12708,Madumabisa Outlet
537254,20765,CHRYSANTHEMUM SKETCHBOOK ,1,12/6/2018 11:01,3.75,15898,Jabulani Outlet
537467,85049E,SCANDINAVIAN REDS RIBBONS,4,12/7/2018 10:36,1.25,16059,Jabulani Outlet
537468,20725,LUNCH BAG RED RETROSPOT,10,12/7/2018 10:36,1.65,12567,Makwika Outlet
537468,21485,RETROSPOT HEART HOT WATER BOTTLE,6,12/7/2018 10:36,4.95,12567,Makwika Outlet
537468,22110,BIRD HOUSE HOT WATER BOTTLE,12,12/7/2018 10:36,2.55,12567,Makwika Outlet
537468,22111,SCOTTIE DOG HOT WATER BOTTLE,3,12/7/2018 10:36,4.95,12567,Makwika Outlet
537468,22113,GREY HEART HOT WATER BOTTLE,4,12/7/2018 10:36,3.75,12567,Makwika Outlet
537468,22114,HOT WATER BOTTLE TEA AND SYMPATHY,4,12/7/2018 10:36,3.95,12567,Makwika Outlet
537468,22272,FELTCRAFT DOLL MARIA,6,12/7/2018 10:36,2.95,12567,Makwika Outlet
537468,22382,LUNCH BAG SPACEBOY DESIGN ,10,12/7/2018 10:36,1.65,12567,Makwika Outlet
537468,22383,LUNCH BAG SUKI  DESIGN ,10,12/7/2018 10:36,1.65,12567,Makwika Outlet
537468,22418,10 COLOUR SPACEBOY PEN,24,12/7/2018 10:36,0.85,12567,Makwika Outlet
537468,22531,MAGIC DRAWING SLATE CIRCUS PARADE  ,24,12/7/2018 10:36,0.42,12567,Makwika Outlet
537468,22558,CLOTHES PEGS RETROSPOT PACK 24 ,12,12/7/2018 10:36,1.49,12567,Makwika Outlet
537468,22654,DELUXE SEWING KIT ,9,12/7/2018 10:36,5.95,12567,Makwika Outlet
537468,22745,POPPY'S PLAYHOUSE BEDROOM ,6,12/7/2018 10:36,2.1,12567,Makwika Outlet
537468,22747,POPPY'S PLAYHOUSE BATHROOM,6,12/7/2018 10:36,2.1,12567,Makwika Outlet
537468,22748,POPPY'S PLAYHOUSE KITCHEN,6,12/7/2018 10:36,2.1,12567,Makwika Outlet
537468,22749,FELTCRAFT PRINCESS CHARLOTTE DOLL,4,12/7/2018 10:36,3.75,12567,Makwika Outlet
537468,22750,FELTCRAFT PRINCESS LOLA DOLL,4,12/7/2018 10:36,3.75,12567,Makwika Outlet
537468,22837,HOT WATER BOTTLE BABUSHKA ,4,12/7/2018 10:36,4.65,12567,Makwika Outlet
537468,POST,POSTAGE,3,12/7/2018 10:36,18,12567,Makwika Outlet
537469,22112,CHOCOLATE HOT WATER BOTTLE,24,12/7/2018 10:43,4.25,17720,Jabulani Outlet
537470,21627,ELEPHANT CARNIVAL POUFFE,1,12/7/2018 10:47,14.95,15018,Jabulani Outlet
537470,21692,SILVER LATTICE VANILLA CANDLE POT,4,12/7/2018 10:47,3.75,15018,Jabulani Outlet
537470,22423,REGENCY CAKESTAND 3 TIER,4,12/7/2018 10:47,12.75,15018,Jabulani Outlet
537470,22699,ROSES REGENCY TEACUP AND SAUCER ,6,12/7/2018 10:47,2.95,15018,Jabulani Outlet
537470,22745,POPPY'S PLAYHOUSE BEDROOM ,6,12/7/2018 10:47,2.1,15018,Jabulani Outlet
537471,22427,ENAMEL FLOWER JUG CREAM,3,12/7/2018 10:51,5.95,14344,Jabulani Outlet
537472,21801,CHRISTMAS TREE DECORATION WITH BELL,36,12/7/2018 11:11,0.42,12971,Jabulani Outlet
537472,21802,CHRISTMAS TREE HEART DECORATION,36,12/7/2018 11:11,0.42,12971,Jabulani Outlet
537472,22086,PAPER CHAIN KIT 50'S CHRISTMAS ,12,12/7/2018 11:11,2.95,12971,Jabulani Outlet
537472,22594,CHRISTMAS GINGHAM TREE,24,12/7/2018 11:11,0.85,12971,Jabulani Outlet
537472,22595,CHRISTMAS GINGHAM HEART,12,12/7/2018 11:11,0.85,12971,Jabulani Outlet
537472,84347,ROTATING SILVER ANGELS T-LIGHT HLDR,6,12/7/2018 11:11,2.55,12971,Jabulani Outlet
537476,22379,RECYCLING BAG RETROSPOT ,150,12/7/2018 11:26,1.85,15838,Jabulani Outlet
537476,22381,TOY TIDY PINK POLKADOT,100,12/7/2018 11:26,1.85,15838,Jabulani Outlet
537476,85099B,JUMBO BAG RED RETROSPOT,300,12/7/2018 11:26,1.65,15838,Jabulani Outlet
537484,21258,VICTORIAN SEWING BOX LARGE,8,12/7/2018 11:30,10.95,14733,Jabulani Outlet
537484,21259,VICTORIAN SEWING BOX SMALL ,24,12/7/2018 11:30,4.95,14733,Jabulani Outlet
537484,21527,RED RETROSPOT TRADITIONAL TEAPOT ,4,12/7/2018 11:30,7.95,14733,Jabulani Outlet
537484,21843,RED RETROSPOT CAKE STAND,6,12/7/2018 11:30,10.95,14733,Jabulani Outlet
537484,22086,PAPER CHAIN KIT 50'S CHRISTMAS ,80,12/7/2018 11:30,2.55,14733,Jabulani Outlet
537484,22158,3 HEARTS HANGING DECORATION RUSTIC,16,12/7/2018 11:30,2.95,14733,Jabulani Outlet
537484,22173,METAL 4 HOOK HANGER FRENCH CHATEAU,8,12/7/2018 11:30,2.95,14733,Jabulani Outlet
537484,22191,IVORY DINER WALL CLOCK,4,12/7/2018 11:30,8.5,14733,Jabulani Outlet
537484,22295,HEART FILIGREE DOVE LARGE,12,12/7/2018 11:30,1.65,14733,Jabulani Outlet
537484,22457,NATURAL SLATE HEART CHALKBOARD ,48,12/7/2018 11:30,2.55,14733,Jabulani Outlet
537484,22469,HEART OF WICKER SMALL,80,12/7/2018 11:30,1.45,14733,Jabulani Outlet
537484,22470,HEART OF WICKER LARGE,40,12/7/2018 11:30,2.55,14733,Jabulani Outlet
537484,22624,IVORY KITCHEN SCALES,2,12/7/2018 11:30,8.5,14733,Jabulani Outlet
537484,22776,SWEETHEART CAKESTAND 3 TIER,12,12/7/2018 11:30,8.5,14733,Jabulani Outlet
537484,22795,SWEETHEART RECIPE BOOK STAND,16,12/7/2018 11:30,5.95,14733,Jabulani Outlet
537484,22854,CREAM SWEETHEART EGG HOLDER,4,12/7/2018 11:30,4.95,14733,Jabulani Outlet
537484,22890,NOVELTY BISCUITS CAKE STAND 3 TIER,12,12/7/2018 11:30,8.5,14733,Jabulani Outlet
537484,71477,COLOUR GLASS. STAR T-LIGHT HOLDER,48,12/7/2018 11:30,2.75,14733,Jabulani Outlet
537484,72130,COLUMBIAN CANDLE ROUND,36,12/7/2018 11:30,0.53,14733,Jabulani Outlet
537484,82482,WOODEN PICTURE FRAME WHITE FINISH,12,12/7/2018 11:30,2.55,14733,Jabulani Outlet
537484,82483,WOOD 2 DRAWER CABINET WHITE FINISH,16,12/7/2018 11:30,4.95,14733,Jabulani Outlet
537484,84836,ZINC METAL HEART DECORATION,36,12/7/2018 11:30,1.25,14733,Jabulani Outlet
537484,84949,SILVER HANGING T-LIGHT HOLDER,24,12/7/2018 11:30,1.65,14733,Jabulani Outlet
537484,84978,HANGING HEART JAR T-LIGHT HOLDER,36,12/7/2018 11:30,1.06,14733,Jabulani Outlet
537484,85064,CREAM SWEETHEART LETTER RACK,4,12/7/2018 11:30,5.45,14733,Jabulani Outlet
537484,17091J,VANILLA INCENSE IN TIN,36,12/7/2018 11:30,0.38,14733,Jabulani Outlet
537484,84970S,HANGING HEART ZINC T-LIGHT HOLDER,24,12/7/2018 11:30,0.85,14733,Jabulani Outlet
537484,85123A,WHITE HANGING HEART T-LIGHT HOLDER,32,12/7/2018 11:30,2.55,14733,Jabulani Outlet
537489,21592,RETROSPOT CIGAR BOX MATCHES ,24,12/7/2018 11:33,1.25,17017,Jabulani Outlet
537489,21914,BLUE HARMONICA IN BOX ,12,12/7/2018 11:33,1.25,17017,Jabulani Outlet
537489,21915,RED  HARMONICA IN BOX ,24,12/7/2018 11:33,1.25,17017,Jabulani Outlet
537489,21918,SET 12 KIDS COLOUR  CHALK STICKS,24,12/7/2018 11:33,0.42,17017,Jabulani Outlet
537489,22197,SMALL POPCORN HOLDER,24,12/7/2018 11:33,0.85,17017,Jabulani Outlet
537489,22198,LARGE POPCORN HOLDER ,24,12/7/2018 11:33,1.65,17017,Jabulani Outlet
537489,22551,PLASTERS IN TIN SPACEBOY,12,12/7/2018 11:33,1.65,17017,Jabulani Outlet
537489,22555,PLASTERS IN TIN STRONGMAN,12,12/7/2018 11:33,1.65,17017,Jabulani Outlet
537489,22556,PLASTERS IN TIN CIRCUS PARADE ,12,12/7/2018 11:33,1.65,17017,Jabulani Outlet
537489,22564,ALPHABET STENCIL CRAFT,12,12/7/2018 11:33,1.25,17017,Jabulani Outlet
537489,22735,RIBBON REEL SOCKS AND MITTENS,10,12/7/2018 11:33,1.65,17017,Jabulani Outlet
537489,22736,RIBBON REEL MAKING SNOWMEN ,10,12/7/2018 11:33,1.65,17017,Jabulani Outlet
537489,22737,RIBBON REEL CHRISTMAS PRESENT ,10,12/7/2018 11:33,1.65,17017,Jabulani Outlet
537489,22738,RIBBON REEL SNOWY VILLAGE,10,12/7/2018 11:33,1.65,17017,Jabulani Outlet
537489,22739,RIBBON REEL CHRISTMAS SOCK BAUBLE,10,12/7/2018 11:33,1.65,17017,Jabulani Outlet
537489,22909,SET OF 20 VINTAGE CHRISTMAS NAPKINS,24,12/7/2018 11:33,0.85,17017,Jabulani Outlet
537489,22910,PAPER CHAIN KIT VINTAGE CHRISTMAS,40,12/7/2018 11:33,2.55,17017,Jabulani Outlet
537489,22952,60 CAKE CASES VINTAGE CHRISTMAS,24,12/7/2018 11:33,0.55,17017,Jabulani Outlet
537489,22960,JAM MAKING SET WITH JARS,6,12/7/2018 11:33,4.25,17017,Jabulani Outlet
537489,22961,JAM MAKING SET PRINTED,24,12/7/2018 11:33,1.45,17017,Jabulani Outlet
537489,84077,WORLD WAR 2 GLIDERS ASSTD DESIGNS,48,12/7/2018 11:33,0.29,17017,Jabulani Outlet
537509,22834,HAND WARMER BABUSHKA DESIGN,96,12/7/2018 11:41,1.85,13756,Jabulani Outlet
537509,22867,HAND WARMER BIRD DESIGN,192,12/7/2018 11:41,1.85,13756,Jabulani Outlet
537523,21108,FAIRY CAKE FLANNEL ASSORTED COLOUR,9,12/7/2018 11:45,2.55,14176,Jabulani Outlet
537523,21109,"LARGE CAKE TOWEL, CHOCOLATE SPOTS",2,12/7/2018 11:45,6.75,14176,Jabulani Outlet
537523,21355,TOAST ITS - I LOVE YOU ,12,12/7/2018 11:45,1.25,14176,Jabulani Outlet
